"gene","logFC","logCPM","F","PValue","FDR","significant"
"CRH",-4.65763382035839,1.7213804935376,106.916613361424,2.77756558537935e-09,4.90851390248239e-05,"Significant"
"BX547991.1",-2.63294093958882,1.18950730821435,52.618105120922,1.02045714871151e-06,0.00901675936601494,"Significant"
"GPC6-AS1",-3.58193746024817,0.414313403345187,37.6760129819473,6.10709436150818e-06,0.0305897201766471,"Significant"
"DND1",-2.75670171734985,2.74480364923222,43.4275484000215,6.92388415044073e-06,0.0305897201766471,"Significant"
"AC138956.1",-3.0777463550065,1.79816883619832,37.7483637977008,1.03038703242989e-05,0.0332379715078222,"Significant"
"CIRBP",-1.407143356097,6.41067643580803,42.5373906906997,1.1393066228718e-05,0.0332379715078222,"Significant"
"ADAMTS2",1.83373987934891,4.79120480633418,40.9851569198144,1.40130623041782e-05,0.0332379715078222,"Significant"
"AC005697.2",-2.43721403668365,2.65131165697856,38.381256222224,1.53886989364571e-05,0.0332379715078222,"Significant"
"LINC02015",-2.14729360286912,2.01309374355561,36.014246023477,1.69274413518787e-05,0.0332379715078222,"Significant"
"TAC3",-1.99990773278939,0.619191379326299,31.3535722141011,2.43846589158498e-05,0.0387117800201172,"Significant"
"LINC01844",-2.79876351739176,0.200996595873492,30.0411937313389,2.60170358535497e-05,0.0387117800201172,"Significant"
"AL355838.1",-1.68207435151231,1.45224085840609,32.2489095326715,2.78145949740643e-05,0.0387117800201172,"Significant"
"SLCO2A1",-1.61423596271974,2.78548684353525,34.4695419010241,3.16139597832344e-05,0.0387117800201172,"Significant"
"ARAP3",-2.14668489345848,2.35219296315584,32.6021448917694,3.39024342320998e-05,0.0387117800201172,"Significant"
"SPRY4-AS1",-3.02711713631729,5.15046466651626,34.9848199828472,3.493782192983e-05,0.0387117800201172,"Significant"
"HSD11B2",2.66438883570225,3.01909832820511,34.112371475083,3.75669573732082e-05,0.0387117800201172,"Significant"
"HES4",-1.84136176581179,2.98471592238675,32.8902329605223,4.08349295114617e-05,0.0387117800201172,"Significant"
"FAM184B",-1.24903466450389,5.02050661014018,33.3691498140012,4.19737466028526e-05,0.0387117800201172,"Significant"
"U2AF1",3.94176549728757,2.54628345858175,33.2187700201433,4.22630652022586e-05,0.0387117800201172,"Significant"
"ARL9",-1.35358255436768,2.42200438010567,32.004903274834,4.3811430534311e-05,0.0387117800201172,"Significant"
"EPHA7",1.16241619815537,6.61842254503459,31.2040004353936,5.89063040759439e-05,0.0494077439735542,"Significant"
"EPAS1",-1.48972802763121,1.96624337762084,29.0787536288976,6.15080561010748e-05,0.0494077439735542,"Significant"
"AC016994.1",-2.70552639021908,0.932100065770046,26.3273561532359,6.62152269008843e-05,0.049842625910886,"Significant"
"ARL17B",-2.2170144493069,6.42730780486441,30.6665742088257,6.76903022782517e-05,0.049842625910886,"Significant"
