"ID","Description","GeneRatio","BgRatio","RichFactor","FoldEnrichment","zScore","pvalue","p.adjust","qvalue","geneID","Count"
"GO:0007586","digestion","2/7","122/18842",0.0163934426229508,44.1264637002342,9.21274443472358,0.000854874516565413,0.0376789763149632,0.0146717451632933,"SST/CRH",2
"GO:0045727","positive regulation of translation","2/7","132/18842",0.0151515151515152,40.7835497835498,8.84243316415572,0.000999613828896138,0.0376789763149632,0.0146717451632933,"CIRBP/RBM3",2
"GO:0048167","regulation of synaptic plasticity","2/7","188/18842",0.0106382978723404,28.6352583586626,7.34132836993312,0.0020122003258838,0.0376789763149632,0.0146717451632933,"CRH/VGF",2
"GO:0009755","hormone-mediated signaling pathway","2/7","212/18842",0.00943396226415094,25.3935309973046,6.8857992196445,0.00254940827319422,0.0376789763149632,0.0146717451632933,"SST/CRH",2
"GO:0033500","carbohydrate homeostasis","2/7","239/18842",0.00836820083682008,22.5248057381949,6.45602020038488,0.00322636126730182,0.0376789763149632,0.0146717451632933,"CRH/VGF",2
"GO:0098828","modulation of inhibitory postsynaptic potential","1/7","10/18842",0.1,269.171428571429,16.3524362721799,0.003709784408226,0.0376789763149632,0.0146717451632933,"CRH",1
"GO:2000849","regulation of glucocorticoid secretion","1/7","10/18842",0.1,269.171428571429,16.3524362721799,0.003709784408226,0.0376789763149632,0.0146717451632933,"CRH",1
"GO:0007567","parturition","1/7","11/18842",0.0909090909090909,244.701298701299,15.5860360707842,0.00408011318419976,0.0376789763149632,0.0146717451632933,"CRH",1
"GO:0035933","glucocorticoid secretion","1/7","11/18842",0.0909090909090909,244.701298701299,15.5860360707842,0.00408011318419976,0.0376789763149632,0.0146717451632933,"CRH",1
"GO:0048241","epinephrine transport","1/7","11/18842",0.0909090909090909,244.701298701299,15.5860360707842,0.00408011318419976,0.0376789763149632,0.0146717451632933,"CRH",1
"GO:2000252","negative regulation of feeding behavior","1/7","11/18842",0.0909090909090909,244.701298701299,15.5860360707842,0.00408011318419976,0.0376789763149632,0.0146717451632933,"CRH",1
"GO:2000822","regulation of behavioral fear response","1/7","11/18842",0.0909090909090909,244.701298701299,15.5860360707842,0.00408011318419976,0.0376789763149632,0.0146717451632933,"CRH",1
"GO:0014061","regulation of norepinephrine secretion","1/7","12/18842",0.0833333333333333,224.309523809524,14.9173229151618,0.00445032396470624,0.0376789763149632,0.0146717451632933,"CRH",1
"GO:0033604","negative regulation of catecholamine secretion","1/7","12/18842",0.0833333333333333,224.309523809524,14.9173229151618,0.00445032396470624,0.0376789763149632,0.0146717451632933,"CRH",1
"GO:0042754","negative regulation of circadian rhythm","1/7","12/18842",0.0833333333333333,224.309523809524,14.9173229151618,0.00445032396470624,0.0376789763149632,0.0146717451632933,"CRH",1
"GO:0048243","norepinephrine secretion","1/7","12/18842",0.0833333333333333,224.309523809524,14.9173229151618,0.00445032396470624,0.0376789763149632,0.0146717451632933,"CRH",1
"GO:1903365","regulation of fear response","1/7","12/18842",0.0833333333333333,224.309523809524,14.9173229151618,0.00445032396470624,0.0376789763149632,0.0146717451632933,"CRH",1
"GO:0032276","regulation of gonadotropin secretion","1/7","13/18842",0.0769230769230769,207.054945054945,14.3271323386485,0.00482041678107592,0.0376789763149632,0.0146717451632933,"CRH",1
"GO:2000833","positive regulation of steroid hormone secretion","1/7","13/18842",0.0769230769230769,207.054945054945,14.3271323386485,0.00482041678107592,0.0376789763149632,0.0146717451632933,"CRH",1
"GO:0060456","positive regulation of digestive system process","1/7","14/18842",0.0714285714285714,192.265306122449,13.8011827107419,0.00519039166463486,0.0376789763149632,0.0146717451632933,"CRH",1
"GO:0015812","gamma-aminobutyric acid transport","1/7","15/18842",0.0666666666666667,179.447619047619,13.328583849944,0.00556024864670157,0.0376789763149632,0.0146717451632933,"CRH",1
"GO:0048521","negative regulation of behavior","1/7","15/18842",0.0666666666666667,179.447619047619,13.328583849944,0.00556024864670157,0.0376789763149632,0.0146717451632933,"CRH",1
"GO:0051412","response to corticosterone","1/7","15/18842",0.0666666666666667,179.447619047619,13.328583849944,0.00556024864670157,0.0376789763149632,0.0146717451632933,"CRH",1
"GO:0048545","response to steroid hormone","2/7","317/18842",0.00630914826498423,16.9824245155475,5.53237190596467,0.00560352968223565,0.0376789763149632,0.0146717451632933,"SST/CRH",2
"GO:1903998","regulation of eating behavior","1/7","16/18842",0.0625,168.232142857143,12.9008671019352,0.00592998775858722,0.0376789763149632,0.0146717451632933,"CRH",1
"GO:1904044","response to aldosterone","1/7","16/18842",0.0625,168.232142857143,12.9008671019352,0.00592998775858722,0.0376789763149632,0.0146717451632933,"CRH",1
"GO:2000846","regulation of corticosteroid hormone secretion","1/7","16/18842",0.0625,168.232142857143,12.9008671019352,0.00592998775858722,0.0376789763149632,0.0146717451632933,"CRH",1
"GO:0032274","gonadotropin secretion","1/7","17/18842",0.0588235294117647,158.336134453782,12.5113342477529,0.00629960903159743,0.0376789763149632,0.0146717451632933,"CRH",1
"GO:0001662","behavioral fear response","1/7","18/18842",0.0555555555555556,149.539682539683,12.154608349293,0.00666911249703073,0.0376789763149632,0.0146717451632933,"CRH",1
"GO:0035930","corticosteroid hormone secretion","1/7","18/18842",0.0555555555555556,149.539682539683,12.154608349293,0.00666911249703073,0.0376789763149632,0.0146717451632933,"CRH",1
"GO:0042753","positive regulation of circadian rhythm","1/7","18/18842",0.0555555555555556,149.539682539683,12.154608349293,0.00666911249703073,0.0376789763149632,0.0146717451632933,"CRH",1
"GO:0071549","cellular response to dexamethasone stimulus","1/7","18/18842",0.0555555555555556,149.539682539683,12.154608349293,0.00666911249703073,0.0376789763149632,0.0146717451632933,"CRH",1
"GO:0099601","regulation of neurotransmitter receptor activity","1/7","18/18842",0.0555555555555556,149.539682539683,12.154608349293,0.00666911249703073,0.0376789763149632,0.0146717451632933,"CRH",1
"GO:0002209","behavioral defense response","1/7","19/18842",0.0526315789473684,141.669172932331,11.8263164548641,0.00703849818617863,0.0376789763149632,0.0146717451632933,"CRH",1
"GO:0045187","regulation of circadian sleep/wake cycle, sleep","1/7","19/18842",0.0526315789473684,141.669172932331,11.8263164548641,0.00703849818617863,0.0376789763149632,0.0146717451632933,"CRH",1
"GO:0060080","inhibitory postsynaptic potential","1/7","19/18842",0.0526315789473684,141.669172932331,11.8263164548641,0.00703849818617863,0.0376789763149632,0.0146717451632933,"CRH",1
"GO:0141163","positive regulation of cAMP/PKA signal transduction","1/7","19/18842",0.0526315789473684,141.669172932331,11.8263164548641,0.00703849818617863,0.0376789763149632,0.0146717451632933,"CRH",1
"GO:0000377","RNA splicing, via transesterification reactions with bulged adenosine as nucleophile","2/7","357/18842",0.00560224089635854,15.0796318527411,5.17766398223398,0.00705897776079583,0.0376789763149632,0.0146717451632933,"CIRBP/RBM3",2
"GO:0000398","mRNA splicing, via spliceosome","2/7","357/18842",0.00560224089635854,15.0796318527411,5.17766398223398,0.00705897776079583,0.0376789763149632,0.0146717451632933,"CIRBP/RBM3",2
"GO:0000375","RNA splicing, via transesterification reactions","2/7","361/18842",0.00554016620498615,14.9125445191927,5.1453582350493,0.00721313421819722,0.0376789763149632,0.0146717451632933,"CIRBP/RBM3",2
"GO:0003085","negative regulation of systemic arterial blood pressure","1/7","20/18842",0.05,134.585714285714,11.5228607283951,0.00740776613032645,0.0376789763149632,0.0146717451632933,"CRH",1
"GO:0006837","serotonin transport","1/7","20/18842",0.05,134.585714285714,11.5228607283951,0.00740776613032645,0.0376789763149632,0.0146717451632933,"CRH",1
"GO:0042596","fear response","1/7","20/18842",0.05,134.585714285714,11.5228607283951,0.00740776613032645,0.0376789763149632,0.0146717451632933,"CRH",1
"GO:0045472","response to ether","1/7","20/18842",0.05,134.585714285714,11.5228607283951,0.00740776613032645,0.0376789763149632,0.0146717451632933,"CRH",1
"GO:0050802","circadian sleep/wake cycle, sleep","1/7","20/18842",0.05,134.585714285714,11.5228607283951,0.00740776613032645,0.0376789763149632,0.0146717451632933,"CRH",1
"GO:0009410","response to xenobiotic stimulus","2/7","368/18842",0.00543478260869565,14.6288819875776,5.09004771152749,0.00748663891996632,0.0376789763149632,0.0146717451632933,"SST/CRH",2
"GO:0021854","hypothalamus development","1/7","21/18842",0.0476190476190476,128.176870748299,11.2412502810976,0.00777691636075306,0.0376789763149632,0.0146717451632933,"CRH",1
"GO:2000831","regulation of steroid hormone secretion","1/7","21/18842",0.0476190476190476,128.176870748299,11.2412502810976,0.00777691636075306,0.0376789763149632,0.0146717451632933,"CRH",1
"GO:0015874","norepinephrine transport","1/7","22/18842",0.0454545454545455,122.350649350649,10.9789755517132,0.00814594890872999,0.0376789763149632,0.0146717451632933,"CRH",1
"GO:0051953","negative regulation of amine transport","1/7","22/18842",0.0454545454545455,122.350649350649,10.9789755517132,0.00814594890872999,0.0376789763149632,0.0146717451632933,"CRH",1
"GO:0001963","synaptic transmission, dopaminergic","1/7","23/18842",0.0434782608695652,117.031055900621,10.7339130709156,0.00851486380552258,0.0376789763149632,0.0146717451632933,"CRH",1
"GO:0022410","circadian sleep/wake cycle process","1/7","23/18842",0.0434782608695652,117.031055900621,10.7339130709156,0.00851486380552258,0.0376789763149632,0.0146717451632933,"CRH",1
"GO:0035902","response to immobilization stress","1/7","23/18842",0.0434782608695652,117.031055900621,10.7339130709156,0.00851486380552258,0.0376789763149632,0.0146717451632933,"CRH",1
"GO:0042749","regulation of circadian sleep/wake cycle","1/7","23/18842",0.0434782608695652,117.031055900621,10.7339130709156,0.00851486380552258,0.0376789763149632,0.0146717451632933,"CRH",1
"GO:0048265","response to pain","1/7","23/18842",0.0434782608695652,117.031055900621,10.7339130709156,0.00851486380552258,0.0376789763149632,0.0146717451632933,"CRH",1
"GO:0030431","sleep","1/7","24/18842",0.0416666666666667,112.154761904762,10.5042522895127,0.00888366108238969,0.0376789763149632,0.0146717451632933,"CRH",1
"GO:0035929","steroid hormone secretion","1/7","24/18842",0.0416666666666667,112.154761904762,10.5042522895127,0.00888366108238969,0.0376789763149632,0.0146717451632933,"CRH",1
"GO:0090280","positive regulation of calcium ion import","1/7","24/18842",0.0416666666666667,112.154761904762,10.5042522895127,0.00888366108238969,0.0376789763149632,0.0146717451632933,"CRH",1
"GO:0006972","hyperosmotic response","1/7","25/18842",0.04,107.668571428571,10.2884386729971,0.00925234077058334,0.0379345971593917,0.0147712808793524,"SST",1
"GO:0042745","circadian sleep/wake cycle","1/7","25/18842",0.04,107.668571428571,10.2884386729971,0.00925234077058334,0.0379345971593917,0.0147712808793524,"CRH",1
"GO:0009409","response to cold","1/7","28/18842",0.0357142857142857,96.1326530612245,9.71149826417938,0.0103576746155415,0.0410965799261808,0.0160025193550811,"CIRBP",1
"GO:0010447","response to acidic pH","1/7","28/18842",0.0357142857142857,96.1326530612245,9.71149826417938,0.0103576746155415,0.0410965799261808,0.0160025193550811,"SST",1
"GO:0006417","regulation of translation","2/7","443/18842",0.00451467268623025,12.15220896485,4.57913908020674,0.0107101430810301,0.0412276176298586,0.0160535438781221,"CIRBP/RBM3",2
"GO:0048520","positive regulation of behavior","1/7","29/18842",0.0344827586206897,92.8177339901478,9.5392608381558,0.0107258842614266,0.0412276176298586,0.0160535438781221,"CRH",1
"GO:0046717","acid secretion","1/7","31/18842",0.032258064516129,86.8294930875576,9.21997270366289,0.01146195128687,0.0423976382847081,0.0165091360030314,"CRH",1
"GO:0071312","cellular response to alkaloid","1/7","31/18842",0.032258064516129,86.8294930875576,9.21997270366289,0.01146195128687,0.0423976382847081,0.0165091360030314,"CRH",1
"GO:0071548","response to dexamethasone","1/7","32/18842",0.03125,84.1160714285714,9.07159768560596,0.011829808728845,0.0423976382847081,0.0165091360030314,"CRH",1
"GO:0032228","regulation of synaptic transmission, GABAergic","1/7","34/18842",0.0294117647058824,79.1680672268908,8.79459220979561,0.0125651716272963,0.0423976382847081,0.0165091360030314,"CRH",1
"GO:0042755","eating behavior","1/7","34/18842",0.0294117647058824,79.1680672268908,8.79459220979561,0.0125651716272963,0.0423976382847081,0.0165091360030314,"CRH",1
"GO:0050804","modulation of chemical synaptic transmission","2/7","486/18842",0.00411522633744856,11.077013521458,4.33889493495336,0.0127942995003363,0.0423976382847081,0.0165091360030314,"CRH/VGF",2
"GO:0099177","regulation of trans-synaptic signaling","2/7","488/18842",0.00409836065573771,11.0316159250585,4.32846216839343,0.0128953255391068,0.0423976382847081,0.0165091360030314,"CRH/VGF",2
"GO:0034063","stress granule assembly","1/7","35/18842",0.0285714285714286,76.9061224489796,8.66501360869635,0.0129326771461507,0.0423976382847081,0.0165091360030314,"CIRBP",1
"GO:0044058","regulation of digestive system process","1/7","35/18842",0.0285714285714286,76.9061224489796,8.66501360869635,0.0129326771461507,0.0423976382847081,0.0165091360030314,"CRH",1
"GO:0051385","response to mineralocorticoid","1/7","35/18842",0.0285714285714286,76.9061224489796,8.66501360869635,0.0129326771461507,0.0423976382847081,0.0165091360030314,"CRH",1
"GO:0090278","negative regulation of peptide hormone secretion","1/7","35/18842",0.0285714285714286,76.9061224489796,8.66501360869635,0.0129326771461507,0.0423976382847081,0.0165091360030314,"CRH",1
"GO:0008380","RNA splicing","2/7","492/18842",0.0040650406504065,10.9419279907085,4.30777798872889,0.0130984573562513,0.0423976382847081,0.0165091360030314,"CIRBP/RBM3",2
"GO:0002792","negative regulation of peptide secretion","1/7","37/18842",0.027027027027027,72.7490347490347,8.42167424172201,0.0136673364790105,0.0431046765876486,0.0167844483075568,"CRH",1
"GO:0050433","regulation of catecholamine secretion","1/7","37/18842",0.027027027027027,72.7490347490347,8.42167424172201,0.0136673364790105,0.0431046765876486,0.0167844483075568,"CRH",1
"GO:0035774","positive regulation of insulin secretion involved in cellular response to glucose stimulus","1/7","38/18842",0.0263157894736842,70.8345864661654,8.30721451604069,0.0140344903553543,0.0431560578427145,0.016804455557069,"CRH",1
"GO:0060259","regulation of feeding behavior","1/7","38/18842",0.0263157894736842,70.8345864661654,8.30721451604069,0.0140344903553543,0.0431560578427145,0.016804455557069,"CRH",1
"GO:0050432","catecholamine secretion","1/7","39/18842",0.0256410256410256,69.018315018315,8.19714810994256,0.0144015270798553,0.0432045812395659,0.0168233499905884,"CRH",1
"GO:0140353","lipid export from cell","1/7","39/18842",0.0256410256410256,69.018315018315,8.19714810994256,0.0144015270798553,0.0432045812395659,0.0168233499905884,"CRH",1
"GO:0044060","regulation of endocrine process","1/7","40/18842",0.025,67.2928571428571,8.09119915636147,0.0147684466836655,0.0433349536912766,0.0168741154724269,"CRH",1
"GO:0009268","response to pH","1/7","41/18842",0.024390243902439,65.6515679442509,7.98911546780491,0.0151352491979306,0.0433349536912766,0.0168741154724269,"SST",1
"GO:0045776","negative regulation of blood pressure","1/7","41/18842",0.024390243902439,65.6515679442509,7.98911546780491,0.0151352491979306,0.0433349536912766,0.0168741154724269,"CRH",1
"GO:0010469","regulation of signaling receptor activity","1/7","42/18842",0.0238095238095238,64.0884353741497,7.89066598474835,0.01550193465379,0.0433349536912766,0.0168741154724269,"CRH",1
"GO:0021536","diencephalon development","1/7","42/18842",0.0238095238095238,64.0884353741497,7.89066598474835,0.01550193465379,0.0433349536912766,0.0168741154724269,"CRH",1
"GO:0042220","response to cocaine","1/7","42/18842",0.0238095238095238,64.0884353741497,7.89066598474835,0.01550193465379,0.0433349536912766,0.0168741154724269,"CRH",1
"GO:0048512","circadian behavior","1/7","44/18842",0.0227272727272727,61.1753246753247,7.7038379761821,0.0162349545148154,0.0448741439398268,0.0174734578456322,"CRH",1
"GO:0007622","rhythmic behavior","1/7","45/18842",0.0222222222222222,59.815873015873,7.61508431799371,0.0166012889822266,0.044878209776129,0.0174750410339227,"CRH",1
"GO:0090279","regulation of calcium ion import","1/7","45/18842",0.0222222222222222,59.815873015873,7.61508431799371,0.0166012889822266,0.044878209776129,0.0174750410339227,"CRH",1
"GO:0033555","multicellular organismal response to stress","1/7","48/18842",0.0208333333333333,56.077380952381,7.36550401168653,0.0176995909053866,0.0473271669861425,0.0184286358397046,"CRH",1
"GO:0060986","endocrine hormone secretion","1/7","49/18842",0.0204081632653061,54.932944606414,7.28739479359557,0.0180654578237468,0.0477860497273302,0.018607319320441,"CRH",1
"GO:0141161","regulation of cAMP/PKA signal transduction","1/7","50/18842",0.02,53.8342857142857,7.2116148312983,0.0184312079325764,0.0482348633129126,0.0187820819917631,"CRH",1
"GO:0071385","cellular response to glucocorticoid stimulus","1/7","51/18842",0.0196078431372549,52.7787114845938,7.13804962779062,0.018796841262955,0.0486739257967045,0.0189530477000433,"CRH",1
"GO:0051937","catecholamine transport","1/7","53/18842",0.0188679245283019,50.7870619946092,6.99714353436879,0.0195277577126439,0.0499355924484056,0.0194443256859431,"CRH",1
"GO:0008306","associative learning","1/7","54/18842",0.0185185185185185,49.8465608465608,6.92960976396777,0.0198930408940803,0.0499355924484056,0.0194443256859431,"CRH",1
"GO:0051932","synaptic transmission, GABAergic","1/7","54/18842",0.0185185185185185,49.8465608465608,6.92960976396777,0.0198930408940803,0.0499355924484056,0.0194443256859431,"CRH",1
