"","status","p_value","morans_test_statistic","morans_I","gene_short_name","q_value"
"KAZN","OK",0,111.566456001793,0.145570190032531,"KAZN",0
"IGSF21","OK",0,84.572705695648,0.110312698709825,"IGSF21",0
"RPL11","OK",0,48.2946012454428,0.0630007516792282,"RPL11",0
"STMN1","OK",0,75.4688540390301,0.0984642185367346,"STMN1",0
"MARCKSL1","OK",0,72.4707021147613,0.0945515896158935,"MARCKSL1",0
"CSMD2","OK",0,96.9688242775965,0.126513562069591,"CSMD2",0
"GRIK3","OK",0,61.2037290503111,0.0798109842727837,"GRIK3",0
"RNF220","OK",0,244.623855530513,0.319206259759169,"RNF220",0
"RPS8","OK",0,49.3214524737541,0.0643416952361897,"RPS8",0
"PRDX1","OK",0,53.6342222070013,0.0699695139751981,"PRDX1",0
"AGBL4","OK",0,55.9236754424105,0.0729511140624756,"AGBL4",0
"ECHDC2","OK",0,42.1344479587541,0.0549425252471819,"ECHDC2",0
"DHCR24","OK",0,51.6048279976683,0.0673167112215587,"DHCR24",0
"USP24","OK",0,66.679515118118,0.0869895641976958,"USP24",0
"DAB1","OK",0,214.549668150203,0.279950050317047,"DAB1",0
"AC099792.1","OK",0,38.8642007834378,0.0506391627526485,"AC099792.1",0
"KANK4","OK",0,58.9572056220231,0.0768503364377902,"KANK4",0
"DNAJC6","OK",0,57.5406445758373,0.0750689993227907,"DNAJC6",0
"PDE4B","OK",0,59.7427371650364,0.0779410938876044,"PDE4B",0
"GNG12","OK",0,41.7994616866664,0.0544809443417664,"GNG12",0
"LRRC7","OK",0,109.928925299444,0.143433858126875,"LRRC7",0
"NEGR1","OK",0,79.5756960432036,0.103823034293878,"NEGR1",0
"SLC44A5","OK",0,89.2153625910871,0.116381841153509,"SLC44A5",0
"ST6GALNAC3","OK",0,49.1683891114265,0.0641424747305081,"ST6GALNAC3",0
"AK5","OK",0,54.5592886065842,0.0711779792298011,"AK5",0
"TTLL7","OK",0,158.280198454947,0.206530700741651,"TTLL7",0
"DDAH1","OK",0,55.7730626193793,0.0727448662968266,"DDAH1",0
"GBP2","OK",0,41.2152057133304,0.0530864278014131,"GBP2",0
"AL109613.1","OK",0,80.2787277811297,0.082983960734657,"AL109613.1",0
"DPYD","OK",0,164.405100536814,0.214524415557624,"DPYD",0
"PLPPR5","OK",0,80.9821902145469,0.105619633770411,"PLPPR5",0
"AC114485.1","OK",0,73.0559751639008,0.0951015098260361,"AC114485.1",0
"COL11A1","OK",0,254.800964849457,0.332442300523712,"COL11A1",0
"NTNG1","OK",0,208.23108432879,0.271669128279846,"NTNG1",0
"TMIGD3","OK",0,65.900539386334,0.0859510182053154,"TMIGD3",0
"KCND3","OK",0,42.9802739918577,0.0560501087721629,"KCND3",0
"NOTCH2","OK",0,56.0854805768357,0.0731303740814598,"NOTCH2",0
"TXNIP","OK",0,55.2181925448727,0.07203411087253,"TXNIP",0
"C1orf61","OK",0,44.6235229748469,0.058208769551489,"C1orf61",0
"BCAN","OK",0,235.461671255563,0.307213170546237,"BCAN",0
"ATP1A2","OK",0,76.5157792956751,0.0998122535397081,"ATP1A2",0
"MPZL1","OK",0,90.6673471135388,0.118256629884047,"MPZL1",0
"ATP1B1","OK",0,56.1422358627017,0.0732439156003659,"ATP1B1",0
"PRRX1","OK",0,137.217582531559,0.178991898451978,"PRRX1",0
"MROH9","OK",0,58.795232390172,0.0766342462575784,"MROH9",0
"DNM3","OK",0,42.4889321570454,0.0554266799434761,"DNM3",0
"KIAA0040","OK",0,48.7150211339753,0.0632322949946739,"KIAA0040",0
"TNR","OK",0,613.322654615284,0.800309491638537,"TNR",0
"ASTN1","OK",0,90.8091591023875,0.118465195320647,"ASTN1",0
"RALGPS2","OK",0,63.5575422203272,0.0828878161404887,"RALGPS2",0
