"Var1","Var2","Freq"
"Astrocytes","1",326
"Endothelial","1",75
"Excitatory_Neurons","1",2409
"Inhibitory_Neurons","1",1392
"Microglia","1",286
"Oligodendrocytes","1",4903
"OPC","1",403
"Unresolved","1",263
"Astrocytes","2",819
"Endothelial","2",40
"Excitatory_Neurons","2",1521
"Inhibitory_Neurons","2",1110
"Microglia","2",28
"Oligodendrocytes","2",5502
"OPC","2",510
"Unresolved","2",305
"Astrocytes","3",2018
"Endothelial","3",68
"Excitatory_Neurons","3",4367
"Inhibitory_Neurons","3",1517
"Microglia","3",557
"Oligodendrocytes","3",838
"OPC","3",707
"Unresolved","3",117
"Astrocytes","4",386
"Endothelial","4",8
"Excitatory_Neurons","4",3367
"Inhibitory_Neurons","4",1606
"Microglia","4",64
"Oligodendrocytes","4",570
"OPC","4",292
"Unresolved","4",105
"Astrocytes","5",568
"Endothelial","5",65
"Excitatory_Neurons","5",4207
"Inhibitory_Neurons","5",1766
"Microglia","5",335
"Oligodendrocytes","5",795
"OPC","5",422
"Unresolved","5",69
"Astrocytes","6",848
"Endothelial","6",37
"Excitatory_Neurons","6",3214
"Inhibitory_Neurons","6",1302
"Microglia","6",262
"Oligodendrocytes","6",3870
"OPC","6",383
"Unresolved","6",265
"Astrocytes","7",968
"Endothelial","7",84
"Excitatory_Neurons","7",1255
"Inhibitory_Neurons","7",537
"Microglia","7",228
"Oligodendrocytes","7",2330
"OPC","7",430
"Unresolved","7",335
"Astrocytes","8",1194
"Endothelial","8",88
"Excitatory_Neurons","8",4394
"Inhibitory_Neurons","8",1398
"Microglia","8",352
"Oligodendrocytes","8",4486
"OPC","8",297
"Unresolved","8",445
"Astrocytes","9",1688
"Endothelial","9",46
"Excitatory_Neurons","9",2422
"Inhibitory_Neurons","9",1307
"Microglia","9",242
"Oligodendrocytes","9",3912
"OPC","9",631
"Unresolved","9",280
"Astrocytes","10",1076
"Endothelial","10",87
"Excitatory_Neurons","10",2955
"Inhibitory_Neurons","10",899
"Microglia","10",728
"Oligodendrocytes","10",3440
"OPC","10",588
"Unresolved","10",460
"Astrocytes","11",506
"Endothelial","11",55
"Excitatory_Neurons","11",698
"Inhibitory_Neurons","11",291
"Microglia","11",110
"Oligodendrocytes","11",1191
"OPC","11",377
"Unresolved","11",108
"Astrocytes","12",538
"Endothelial","12",115
"Excitatory_Neurons","12",1600
"Inhibitory_Neurons","12",653
"Microglia","12",187
"Oligodendrocytes","12",3296
"OPC","12",504
"Unresolved","12",391
"Astrocytes","13",646
"Endothelial","13",67
"Excitatory_Neurons","13",764
"Inhibitory_Neurons","13",539
"Microglia","13",268
"Oligodendrocytes","13",1664
"OPC","13",550
"Unresolved","13",199
"Astrocytes","14",373
"Endothelial","14",54
"Excitatory_Neurons","14",245
"Inhibitory_Neurons","14",107
"Microglia","14",65
"Oligodendrocytes","14",1265
"OPC","14",287
"Unresolved","14",174
"Astrocytes","15",954
"Endothelial","15",109
"Excitatory_Neurons","15",2109
"Inhibitory_Neurons","15",961
"Microglia","15",340
"Oligodendrocytes","15",5059
"OPC","15",413
"Unresolved","15",305
