"cluster","Marker_1","Marker_2","Marker_3","Marker_4","Marker_5","Marker_6","Marker_7","Marker_8","Marker_9","Marker_10"
"0","CNDP1","OPALIN","MAG","RNASE1","AL359091.1","ELMO1-AS1","ASPA","CERCAM","FA2H","SCD"
"1","ANLN","RGCC","LRP2","SELENOP","CLDND1","CRYAB","AC026316.5","EFHD1","VRK2","SLCO1A2"
"2","LINC00499","RANBP3L","ZNF98","HPSE2","SLC39A12","RNF219-AS1","COL5A3","SLCO1C1","SLC1A2","ADGRV1"
"3","LINC02306","CBLN2","LINC01378","AC008574.1","CYP1B1-AS1","AC011287.1","LINC00276","KCNIP2","LINC02055","TESPA1"
"4","AJ009632.2","LINC02296","COL5A2","LINC02055","CUX2","AC008574.1","IL12A-AS1","ZBBX","FAM19A1","GULP1"
"5","AC004852.2","FERMT1","COL9A1","LHFPL3","STK32A","VCAN","MEGF11","LINC02588","PCDH15","MIR3681HG"
"6","ANK1","NXPH1","BTBD11","ZNF385D","TRPC4","SAMD5","AL033504.1","GAD2","GAD1","TENM1"
"7","AC016687.2","TSHZ2","AC084816.1","LINC01202","AL109930.1","IL1RAPL2","COBLL1","SLC22A10","SCHLAP1","LINC01725"
"8","AC109466.1","AC016687.2","AC008415.1","TLL1","LRRK1","HS3ST2","IL1RAPL2","CDH7","DNAH6","RXFP1"
"9","CALB2","NR2F2-AS1","DLX6-AS1","CXCL14","CNR1","ADARB2","SYNPR","GALNTL6","RGS12","BTBD11"
"10","THEMIS","LINC02254","AC019211.1","ADAMTS3","SEMA3A","AC067956.1","ARHGEF28","RIT2","SLC35F3","PDZRN4"
"11","C1QC","AC074327.1","APBB1IP","PTPRC","SYK","ADAM28","DOCK8","C1QB","CSF1R","FYB1"
"12","SEMA3E","ADAMTSL1","SULF1","HS3ST4","MSC-AS1","KIAA1217","ROBO2","CDH6","ASIC2","DCHS2"
"13","TNC","AC073941.1","AQP1","LINC01088","WDR49","CD44","FAM189A2","MIR4300HG","MARCH3","ITGB4"
"14","AC007656.1","PLCH1","OTOGL","SCHLAP1","AC246817.1","AC084816.1","LINC01902","LINC01202","TNNT2","AC073365.1"
"15","CHI3L1","CCL2","ANGPTL4","F3","GNA14-AS1","GNA14","SLC6A11","CD44","OSMR","LRRC3B"
"16","KIT","AC137770.1","FGF13","SV2C","PDGFD","EYA4","PKP2","NXPH2","PRELID2","TACR1"
"17","HTR2C","IFNG-AS1","FER1L6-AS2","NXPH2","SAMD3","CD36","ITGA8","TLL1","ATP2C2","LINC01811"
"18","CLDN5","FLT1","EBF1","ITIH5","DCN","IFI27","ATP10A","ABCB1","AC092957.1","EPAS1"
"19","POSTN","MCTP2","LINC01579","AC110023.1","NR4A2","KLHL1","ZNF804B","THEMIS","AFF2","AC091078.1"
"20","PRDM16","SLCO1C1","LINC00499","ZNF98","F3","ACSBG1","CHI3L1","SLC39A12","ADGRV1","RANBP3L"
"21","AC004852.2","FERMT1","COL9A1","MEGF11","GPNMB","LHFPL3","LINC02588","STK32A","VCAN","TNR"
"22","RHBDF2","TBXAS1","SLCO2B1","SYK","ADAM28","AC074327.1","DOCK8","APBB1IP","PTPRC","INPP5D"
"23","STK32A","AC004852.2","VCAN","LHFPL3","FERMT1","COL9A1","TNR","PTPRZ1","PHLDA1","PCDH15"
"24","DNAI1","VAT1L","COL24A1","OVCH1-AS1","CLEC2L","SLC5A8","CHST8","ERG","GRM8","BCL11B"
