"p_val","avg_log2FC","pct.1","pct.2","p_val_adj","cluster","gene"
0,2.77706323219519,0.403,0.1,0,"0","CNDP1"
0,2.64317147364078,0.294,0.072,0,"0","OPALIN"
0,2.6330792056549,0.372,0.09,0,"0","MAG"
0,2.58329672481028,0.352,0.098,0,"0","RNASE1"
0,2.49918294989313,0.498,0.137,0,"0","AL359091.1"
0,2.46476762258765,0.27,0.079,0,"0","ELMO1-AS1"
0,2.45052958581949,0.293,0.077,0,"0","ASPA"
0,2.44908110866819,0.379,0.113,0,"0","CERCAM"
0,2.35531844308103,0.321,0.089,0,"0","FA2H"
0,2.33360675315504,0.456,0.142,0,"0","SCD"
0,2.30426231131255,0.254,0.086,0,"0","TMTC4"
0,2.30409605732848,0.48,0.14,0,"0","SLC5A11"
0,2.30068601834137,0.256,0.073,0,"0","MYRF"
0,2.28474057606816,0.298,0.082,0,"0","MOG"
0,2.28015128122096,0.312,0.104,0,"0","PALM2"
0,2.27338937190997,0.28,0.091,0,"0","GLDN"
0,2.27290759120671,0.336,0.097,0,"0","LPAR1"
0,2.2647767627781,0.83,0.326,0,"0","RNF220"
0,2.26473917301529,0.409,0.109,0,"0","LINC01608"
0,2.26198413906299,0.914,0.418,0,"0","MBP"
0,2.55077304803627,0.411,0.107,0,"1","ANLN"
0,2.48728963533745,0.353,0.102,0,"1","RGCC"
0,2.32799432272912,0.288,0.083,0,"1","LRP2"
0,2.30963866223019,0.539,0.183,0,"1","SELENOP"
0,2.29566312643279,0.554,0.203,0,"1","CLDND1"
0,2.25018876952053,0.726,0.364,0,"1","CRYAB"
0,2.17239139151355,0.567,0.209,0,"1","AC026316.5"
0,2.15414962181754,0.293,0.102,0,"1","EFHD1"
0,2.07828337596407,0.323,0.107,0,"1","VRK2"
0,2.06106127617447,0.472,0.153,0,"1","SLCO1A2"
0,2.00533144479,0.254,0.093,0,"1","LINC00320"
0,2.00327467467103,0.507,0.18,0,"1","MOBP"
0,1.99183283118606,0.929,0.46,0,"1","PLP1"
0,1.94852352734991,0.272,0.093,0,"1","CDH19"
0,1.939764286463,0.877,0.354,0,"1","ST18"
0,1.93861179010226,0.754,0.3,0,"1","TMEM144"
0,1.91704765479232,0.386,0.132,0,"1","ABCA8"
0,1.91586418675514,0.724,0.398,0,"1","MAN2A1"
0,1.87123279185656,0.847,0.41,0,"1","PIP4K2A"
0,1.84994688246261,0.287,0.11,0,"1","PIEZO2"
0,4.85430625871687,0.489,0.028,0,"2","LINC00499"
0,4.82907708261033,0.581,0.035,0,"2","RANBP3L"
0,4.44635701441326,0.439,0.036,0,"2","ZNF98"
0,4.43284067427412,0.565,0.056,0,"2","HPSE2"
0,4.33479736064521,0.273,0.018,0,"2","SLC39A12"
0,4.26241862037042,0.574,0.046,0,"2","RNF219-AS1"
0,4.24764822359076,0.595,0.061,0,"2","COL5A3"
0,4.20677219225879,0.278,0.02,0,"2","SLCO1C1"
0,4.13966185287013,0.944,0.212,0,"2","SLC1A2"
0,4.03030388823992,0.875,0.132,0,"2","ADGRV1"
0,4.00852005916894,0.633,0.069,0,"2","TPD52L1"
0,3.97279829637737,0.296,0.028,0,"2","RGS20"
0,3.86549587369919,0.643,0.071,0,"2","GJA1"
0,3.84198003038503,0.337,0.03,0,"2","SLC14A1"
0,3.83884117843055,0.287,0.032,0,"2","PAMR1"
0,3.82738726602294,0.499,0.049,0,"2","BMPR1B"
0,3.78144162532478,0.283,0.035,0,"2","VAV3"
0,3.76832497158634,0.939,0.21,0,"2","GPC5"
0,3.75972232824273,0.397,0.041,0,"2","FGFR3"
0,3.67534480233917,0.383,0.038,0,"2","SLC7A11"
0,3.86401545414676,0.421,0.044,0,"3","LINC02306"
0,3.69038124678186,0.834,0.129,0,"3","CBLN2"
0,3.24520445690859,0.636,0.101,0,"3","LINC01378"
0,3.08777213231306,0.29,0.042,0,"3","AC008574.1"
0,3.02095760825459,0.252,0.037,0,"3","CYP1B1-AS1"
0,2.89651644494096,0.7,0.15,0,"3","AC011287.1"
0,2.87546983522591,0.262,0.044,0,"3","LINC00276"
0,2.71414934413045,0.284,0.049,0,"3","KCNIP2"
0,2.67057350927916,0.29,0.069,0,"3","LINC02055"
0,2.65903729673933,0.555,0.117,0,"3","TESPA1"
0,2.62079507297828,0.501,0.089,0,"3","CUX2"
0,2.53409140697583,0.592,0.138,0,"3","NDST3"
0,2.49133987781576,0.258,0.055,0,"3","CDH22"
0,2.49080786034062,0.942,0.299,0,"3","HS6ST3"
0,2.46862495828029,0.659,0.173,0,"3","ENC1"
0,2.38451465274146,0.315,0.054,0,"3","HPCAL1"
0,2.38255456481795,0.902,0.285,0,"3","DGKB"
0,2.3725256299239,0.502,0.133,0,"3","LINC01250"
0,2.33119283904562,0.288,0.069,0,"3","TNFRSF25"
0,2.31672367608326,0.802,0.237,0,"3","SYN3"
0,4.02694108927331,0.618,0.048,0,"4","AJ009632.2"
0,3.97190125672308,0.394,0.024,0,"4","LINC02296"
0,3.80307597470819,0.553,0.039,0,"4","COL5A2"
0,3.12060909147139,0.513,0.057,0,"4","LINC02055"
0,2.96850073365557,0.693,0.082,0,"4","CUX2"
0,2.76489568910232,0.367,0.04,0,"4","AC008574.1"
0,2.54004793304941,0.255,0.033,0,"4","IL12A-AS1"
0,2.51331845775414,0.325,0.049,0,"4","ZBBX"
0,2.48010010392543,0.912,0.211,0,"4","FAM19A1"
0,2.34557924553665,0.531,0.085,0,"4","GULP1"
0,2.3182229963957,0.491,0.09,0,"4","RIT2"
0,2.30198533425471,0.296,0.049,0,"4","CFAP299"
0,2.25436745122644,0.266,0.042,0,"4","GLRA3"
0,2.22490296632401,0.331,0.053,0,"4","CDH22"
0,2.16023680812415,0.348,0.057,0,"4","SLC38A11"
0,2.15111230067789,0.476,0.091,0,"4","AC067956.1"
0,2.1418296040634,0.874,0.239,0,"4","ST6GALNAC5"
0,2.14128882755558,0.394,0.074,0,"4","AC073365.1"
0,2.12781525308333,0.564,0.09,0,"4","NTNG1"
0,2.12144823760836,0.529,0.108,0,"4","ANO3"
0,7.34048843495465,0.586,0.01,0,"5","AC004852.2"
0,6.3826357378815,0.265,0.007,0,"5","FERMT1"
0,6.10835252863265,0.289,0.008,0,"5","COL9A1"
0,6.01562117262173,0.959,0.08,0,"5","LHFPL3"
0,5.80097953967423,0.322,0.011,0,"5","STK32A"
0,5.59457536889294,0.877,0.055,0,"5","VCAN"
0,5.56534492685252,0.492,0.025,0,"5","MEGF11"
0,5.22886329196805,0.272,0.017,0,"5","LINC02588"
0,4.89037606871985,0.944,0.122,0,"5","PCDH15"
0,4.74371240889957,0.264,0.025,0,"5","MIR3681HG"
0,4.68560945968238,0.914,0.187,0,"5","TNR"
0,4.46240053487053,0.568,0.044,0,"5","SMOC1"
0,4.39947149436649,0.609,0.064,0,"5","SEMA5A"
0,4.27251978737612,0.758,0.099,0,"5","LUZP2"
0,4.10754638116327,0.901,0.146,0,"5","PTPRZ1"
0,3.96858025604615,0.311,0.028,0,"5","PLPP4"
0,3.73340299633574,0.644,0.142,0,"5","XYLT1"
0,3.64093008239061,0.725,0.169,0,"5","CA10"
0,3.57517961100574,0.435,0.072,0,"5","BCAN"
0,3.52706644396701,0.299,0.045,0,"5","CCDC50"
0,3.98948849956436,0.341,0.027,0,"6","ANK1"
0,3.80979192671762,0.819,0.083,0,"6","NXPH1"
0,3.74733154376042,0.352,0.031,0,"6","BTBD11"
0,3.73775986252851,0.796,0.134,0,"6","ZNF385D"
0,3.64527323701539,0.311,0.033,0,"6","TRPC4"
0,3.59741882618477,0.304,0.037,0,"6","SAMD5"
0,3.59568152626116,0.264,0.031,0,"6","AL033504.1"
0,3.51011541591388,0.365,0.03,0,"6","GAD2"
0,3.42919921926105,0.445,0.043,0,"6","GAD1"
0,3.34457762285216,0.519,0.077,0,"6","TENM1"
0,3.29986961633003,0.615,0.134,0,"6","GRIK1"
0,3.20126169568298,0.415,0.07,0,"6","AC010127.1"
0,3.17756010210525,0.847,0.21,0,"6","KIAA1217"
0,3.10337037760911,0.41,0.067,0,"6","VWC2"
0,3.09038512561971,0.486,0.075,0,"6","MYO16"
0,2.96211878804445,0.572,0.151,0,"6","ZNF804A"
0,2.94294191043273,0.888,0.257,0,"6","GRIP1"
0,2.88742804887396,0.767,0.238,0,"6","KCNC2"
0,2.80154607452106,0.41,0.074,0,"6","KIF26B"
0,2.74178677272073,0.766,0.227,0,"6","XKR4"
0,4.08017963184768,0.538,0.036,0,"7","AC016687.2"
0,3.73949643160816,0.899,0.123,0,"7","TSHZ2"
0,3.62919868430984,0.289,0.028,0,"7","AC084816.1"
0,3.6194070535802,0.317,0.033,0,"7","LINC01202"
0,3.53476504113133,0.453,0.04,0,"7","AL109930.1"
0,3.48055288601199,0.789,0.097,0,"7","IL1RAPL2"
0,3.44620650118389,0.357,0.025,0,"7","COBLL1"
0,3.35276629216399,0.6,0.083,0,"7","SLC22A10"
0,3.12590903156072,0.288,0.038,0,"7","SCHLAP1"
0,3.08762171146039,0.565,0.09,0,"7","LINC01725"
0,3.08607990911139,0.348,0.041,0,"7","AC092422.1"
0,3.04824213608071,0.59,0.082,0,"7","VWC2L"
0,2.96958347129974,0.505,0.054,0,"7","LINC02232"
0,2.77061764290589,0.39,0.06,0,"7","SLC38A11"
0,2.75728385320878,0.457,0.064,0,"7","PLCXD3"
0,2.7441172855702,0.683,0.109,0,"7","FOXP2"
0,2.67416075180238,0.598,0.107,0,"7","KCNH5"
0,2.65588205814443,0.863,0.19,0,"7","RORB"
0,2.65425030894432,0.925,0.232,0,"7","DCC"
0,2.6266324363383,0.461,0.081,0,"7","RARB"
0,3.95907521372799,0.697,0.076,0,"8","AC109466.1"
0,3.885165671168,0.431,0.042,0,"8","AC016687.2"
0,3.86972676946771,0.588,0.052,0,"8","AC008415.1"
0,3.81720253009847,0.331,0.019,0,"8","TLL1"
0,2.9353665309001,0.506,0.072,0,"8","LRRK1"
0,2.8579707203369,0.353,0.05,0,"8","HS3ST2"
0,2.71425694466315,0.612,0.106,0,"8","IL1RAPL2"
0,2.66512980852325,0.317,0.044,0,"8","CDH7"
0,2.56669561961321,0.513,0.1,0,"8","DNAH6"
0,2.50128497690963,0.416,0.076,0,"8","RXFP1"
0,2.44207533677393,0.871,0.245,0,"8","NRG1"
0,2.3949280270234,0.901,0.267,0,"8","CADPS2"
0,2.38483169658362,0.423,0.078,0,"8","EPHA3"
0,2.3551393557096,0.783,0.207,0,"8","CLSTN2"
0,2.3046394445053,0.851,0.256,0,"8","KCNH7"
0,2.30343164680558,0.598,0.137,0,"8","CPNE4"
0,2.26478870897051,0.321,0.063,0,"8","DACH1"
0,2.2514185586726,0.371,0.08,0,"8","RAB27B"
0,2.23177541061334,0.813,0.193,0,"8","RORB"
0,2.18303209422791,0.432,0.092,0,"8","SLC22A10"
0,6.11457591239012,0.262,0.006,0,"9","CALB2"
0,5.36169514461994,0.306,0.009,0,"9","NR2F2-AS1"
0,4.94212211404657,0.407,0.022,0,"9","DLX6-AS1"
0,4.5979097828517,0.295,0.024,0,"9","CXCL14"
0,3.85905839572206,0.292,0.049,0,"9","CNR1"
0,3.83053438568291,0.949,0.187,0,"9","ADARB2"
0,3.60562710813965,0.715,0.14,0,"9","SYNPR"
0,3.53493608082961,0.861,0.231,0,"9","GALNTL6"
0,3.52269964303375,0.586,0.091,0,"9","RGS12"
0,3.36331121525837,0.291,0.038,0,"9","BTBD11"
0,3.26461023170681,0.574,0.12,0,"9","THSD7A"
0,3.24855817088859,0.437,0.086,0,"9","C8orf34"
0,3.08478942525719,0.3,0.057,0,"9","ARL4C"
0,2.89078327112217,0.378,0.065,0,"9","SLC24A3"
0,2.77962414864075,0.333,0.052,0,"9","GAD1"
0,2.62648280141633,0.306,0.047,0,"9","PROX1"
0,2.59033507438759,0.463,0.143,0,"9","KCNT2"
0,2.53495536317063,0.297,0.103,0,"9","PRR16"
0,2.4855043407442,0.983,0.526,0,"9","ERBB4"
0,2.48404711668372,0.327,0.097,0,"9","VWC2L"
0,3.85900333326147,0.515,0.026,0,"10","THEMIS"
0,3.10399283721964,0.26,0.024,0,"10","LINC02254"
0,2.72145543345759,0.682,0.112,0,"10","AC019211.1"
0,2.70586922448891,0.345,0.043,0,"10","ADAMTS3"
0,2.65667651375297,0.566,0.087,0,"10","SEMA3A"
0,2.52326450864773,0.595,0.098,0,"10","AC067956.1"
0,2.45130756260846,0.385,0.053,0,"10","ARHGEF28"
0,2.42424253719701,0.6,0.098,0,"10","RIT2"
0,2.38162276241785,0.846,0.227,0,"10","SLC35F3"
0,2.36977811721112,0.836,0.191,0,"10","PDZRN4"
0,2.36665095986032,0.897,0.268,0,"10","MCTP1"
0,2.34112592140304,0.437,0.062,0,"10","DACH1"
0,2.32706269901799,0.341,0.054,0,"10","HS3ST2"
0,2.30054378049768,0.733,0.15,0,"10","ZNF804B"
0,2.27036367527274,0.488,0.077,0,"10","RXFP1"
0,2.26772431071399,0.262,0.033,0,"10","DCHS2"
0,2.17182884688138,0.291,0.049,0,"10","COL24A1"
0,2.16460004582798,0.26,0.038,0,"10","ANKRD30B"
0,2.141898606588,0.324,0.056,0,"10","MIR4500HG"
0,2.11010413523524,0.373,0.063,0,"10","SEC24D"
0,7.79339458360598,0.254,0.003,0,"11","C1QC"
0,7.59751978219368,0.399,0.007,0,"11","AC074327.1"
0,7.55494688709949,0.548,0.01,0,"11","APBB1IP"
0,7.40084289967122,0.427,0.007,0,"11","PTPRC"
0,7.38778086239939,0.324,0.005,0,"11","SYK"
0,7.28421097053736,0.428,0.009,0,"11","ADAM28"
0,7.23179705747463,0.582,0.013,0,"11","DOCK8"
0,7.13946989967027,0.439,0.01,0,"11","C1QB"
0,7.11498379290912,0.323,0.006,0,"11","CSF1R"
0,7.05327900903693,0.529,0.014,0,"11","FYB1"
0,7.05173325056508,0.259,0.006,0,"11","CD14"
0,7.03992871246595,0.335,0.007,0,"11","C1QA"
0,6.93692874088342,0.632,0.021,0,"11","CD74"
0,6.87850848447761,0.289,0.007,0,"11","SAMSN1"
0,6.74647038973214,0.373,0.009,0,"11","SLCO2B1"
0,6.74171447218103,0.457,0.01,0,"11","TBXAS1"
0,6.68504561109217,0.323,0.008,0,"11","RHBDF2"
0,6.6298540963642,0.355,0.011,0,"11","RBM47"
0,6.5191283098047,0.37,0.01,0,"11","C3"
0,6.48386940065914,0.328,0.013,0,"11","LY86"
0,3.88536234909959,0.635,0.043,0,"12","SEMA3E"
0,3.8475920417467,0.576,0.065,0,"12","ADAMTSL1"
0,3.78568048046973,0.295,0.019,0,"12","SULF1"
0,3.62745561483436,0.946,0.179,0,"12","HS3ST4"
0,3.26170623734937,0.388,0.051,0,"12","MSC-AS1"
0,3.22406034575296,0.947,0.22,0,"12","KIAA1217"
0,2.93640999595166,0.956,0.391,0,"12","ROBO2"
0,2.71490120588117,0.256,0.042,0,"12","CDH6"
0,2.69826418131663,0.862,0.274,0,"12","ASIC2"
0,2.67381848843988,0.254,0.034,0,"12","DCHS2"
0,2.65731001039815,0.548,0.106,0,"12","SYNPO2"
0,2.58878014219714,0.524,0.09,0,"12","SEMA3A"
0,2.55887990609663,0.625,0.121,0,"12","FOXP2"
0,2.54103330493366,0.799,0.195,0,"12","PDZRN4"
0,2.4964168120109,0.504,0.071,0,"12","PCSK5"
0,2.48188511414771,0.384,0.066,0,"12","DACH1"
0,2.47568905713356,0.465,0.09,0,"12","DIRAS2"
0,2.45978096201411,0.68,0.144,0,"12","PCDH11X"
0,2.44228901860847,0.635,0.14,0,"12","EPHA5"
0,2.43204146082649,0.311,0.042,0,"12","ITGA8"
0,6.09048710496081,0.357,0.011,0,"13","TNC"
0,5.93007723419571,0.412,0.013,0,"13","AC073941.1"
0,5.38627865288387,0.344,0.017,0,"13","AQP1"
0,5.24439511950742,0.351,0.03,0,"13","LINC01088"
0,5.19498902792248,0.312,0.015,0,"13","WDR49"
0,5.18811198196542,0.403,0.022,0,"13","CD44"
0,4.09313068052077,0.418,0.043,0,"13","FAM189A2"
0,3.91173038550536,0.44,0.065,0,"13","MIR4300HG"
0,3.3629188972294,0.3,0.053,0,"13","MARCH3"
0,3.34034568118274,0.27,0.04,0,"13","ITGB4"
0,3.293379583708,0.696,0.142,0,"13","GFAP"
0,3.26378525943051,0.317,0.049,0,"13","SLC14A1"
0,3.19939709496837,0.498,0.1,0,"13","RFX4"
0,3.17597593265344,0.27,0.055,0,"13","RGMA"
0,3.10895516263167,0.253,0.042,0,"13","STON2"
0,3.08833295887611,0.607,0.114,0,"13","AQP4"
0,3.0717450524961,0.667,0.172,0,"13","GLIS3"
0,3.04065272384106,0.311,0.071,0,"13","KCNN3"
0,3.02139286127005,0.453,0.081,0,"13","RNF219-AS1"
0,2.96068695767037,0.29,0.055,0,"13","ZFP36L1"
0,4.53422031108749,0.25,0.011,0,"14","AC007656.1"
0,4.21503025985766,0.811,0.059,0,"14","PLCH1"
0,4.21413796042333,0.568,0.046,0,"14","OTOGL"
0,3.42179721268948,0.391,0.044,0,"14","SCHLAP1"
0,3.28326421476787,0.342,0.037,0,"14","AC246817.1"
0,3.17860161777772,0.29,0.036,0,"14","AC084816.1"
0,3.16450499306421,0.277,0.031,0,"14","LINC01902"
0,3.14438212504789,0.317,0.042,0,"14","LINC01202"
0,3.11563301364643,0.284,0.035,0,"14","TNNT2"
0,3.07787856833731,0.581,0.086,0,"14","AC073365.1"
0,2.93391148625553,0.338,0.042,0,"14","TMEM196"
0,2.92880484231505,0.326,0.038,0,"14","LRMP"
0,2.87530924362726,0.738,0.148,0,"14","CPNE4"
0,2.86792293347593,0.422,0.053,0,"14","AL109930.1"
0,2.86592727230791,0.377,0.039,0,"14","PCBP3"
0,2.78857830129409,0.324,0.056,0,"14","AL596451.1"
0,2.77884600276127,0.763,0.18,0,"14","AC090568.2"
0,2.73793941225896,0.369,0.055,0,"14","MSC-AS1"
0,2.63778216997231,0.299,0.036,0,"14","CHRM2"
0,2.59397224756478,0.842,0.147,0,"14","TSHZ2"
0,6.37609430412848,0.777,0.037,0,"15","CHI3L1"
0,5.81191528199007,0.263,0.007,0,"15","CCL2"
0,5.44099719552051,0.843,0.051,0,"15","ANGPTL4"
0,5.32820912014147,0.755,0.038,0,"15","F3"
0,4.26864501054348,0.304,0.02,0,"15","GNA14-AS1"
0,4.26061011108159,0.634,0.057,0,"15","GNA14"
0,4.20744748757594,0.57,0.061,0,"15","SLC6A11"
0,4.0789967158508,0.391,0.025,0,"15","CD44"
0,4.05605007561391,0.296,0.019,0,"15","OSMR"
0,3.94855350022459,0.519,0.061,0,"15","LRRC3B"
0,3.93415885683842,0.26,0.022,0,"15","FSTL1"
0,3.88583666802386,0.492,0.067,0,"15","NRP1"
0,3.86423970501208,0.359,0.042,0,"15","ALDH1A1"
0,3.84419063878428,0.448,0.037,0,"15","SDC4"
0,3.81968999019575,0.263,0.024,0,"15","TNFRSF1A"
0,3.81891293709972,0.368,0.034,0,"15","C4orf19"
0,3.80943568878784,0.403,0.034,0,"15","COLEC12"
0,3.79076218362584,0.339,0.034,0,"15","ABCC9"
0,3.78341188838535,0.464,0.042,0,"15","ALDH1L1"
0,3.75587170453175,0.251,0.022,0,"15","RELL1"
0,5.8933427972486,0.57,0.014,0,"16","KIT"
0,5.47136253488362,0.395,0.015,0,"16","AC137770.1"
0,5.3931232270391,0.877,0.078,0,"16","FGF13"
0,5.12320997974026,0.385,0.016,0,"16","SV2C"
0,5.02911348315356,0.392,0.022,0,"16","PDGFD"
0,4.97928481279919,0.562,0.022,0,"16","EYA4"
0,4.96769072073947,0.313,0.012,0,"16","PKP2"
0,4.76539284522279,0.28,0.013,0,"16","NXPH2"
0,4.53220665352706,0.716,0.084,0,"16","PRELID2"
0,4.45033510814369,0.27,0.014,0,"16","TACR1"
0,4.38553632270564,0.356,0.025,0,"16","NRIP3"
0,4.37284984994857,0.563,0.038,0,"16","GAD2"
0,4.3090733061399,0.492,0.038,0,"16","SPHKAP"
0,4.1623838692902,0.45,0.035,0,"16","GRIN3A"
0,3.9881771259826,0.707,0.096,0,"16","PTCHD4"
0,3.8919795943068,0.729,0.112,0,"16","UNC13C"
0,3.8871414084202,0.741,0.085,0,"16","MYO16"
0,3.87039503624455,0.275,0.021,0,"16","GRIP2"
0,3.8232355708891,0.324,0.032,0,"16","TOX2"
0,3.76873873763194,0.965,0.218,0,"16","SGCZ"
0,6.79604034017791,0.774,0.013,0,"17","HTR2C"
0,5.78420352944845,0.533,0.012,0,"17","IFNG-AS1"
0,5.19721667957989,0.275,0.007,0,"17","FER1L6-AS2"
0,4.69148023374994,0.38,0.014,0,"17","NXPH2"
0,4.65481599983522,0.294,0.012,0,"17","SAMD3"
0,4.47653944211475,0.25,0.011,0,"17","CD36"
0,4.32095627812021,0.683,0.044,0,"17","ITGA8"
0,4.26302595017712,0.477,0.029,0,"17","TLL1"
0,4.20171075954687,0.271,0.013,0,"17","ATP2C2"
0,4.12737198323325,0.395,0.038,0,"17","LINC01811"
0,4.04517322872338,0.493,0.037,0,"17","CHRM2"
0,4.02445202640515,0.977,0.16,0,"17","ZNF385D"
0,3.87449175063376,0.958,0.152,0,"17","TSHZ2"
0,3.86156482086683,0.465,0.045,0,"17","CDH6"
0,3.72564183575007,0.512,0.055,0,"17","AL109930.1"
0,3.56410956938179,0.457,0.041,0,"17","SPHKAP"
0,3.54888583814947,0.338,0.032,0,"17","COL12A1"
0,3.47163515592218,0.516,0.066,0,"17","CRYM"
0,3.39101065614459,0.437,0.052,0,"17","PCP4"
0,3.31632098528178,0.65,0.095,0,"17","GRM8"
0,9.72645135781065,0.369,0.003,0,"18","CLDN5"
0,8.07331131268678,0.363,0.007,0,"18","FLT1"
0,7.92746298660253,0.361,0.004,0,"18","EBF1"
0,7.66505344388215,0.265,0.004,0,"18","ITIH5"
0,7.60834401063438,0.317,0.005,0,"18","DCN"
0,7.58413761270777,0.274,0.005,0,"18","IFI27"
0,7.34631926794871,0.266,0.007,0,"18","ATP10A"
0,7.27377263573281,0.353,0.016,0,"18","ABCB1"
0,6.99613077737335,0.265,0.006,0,"18","AC092957.1"
0,6.39466885133445,0.338,0.011,0,"18","EPAS1"
0,5.64491416441409,0.256,0.01,0,"18","IFITM2"
0,5.17728695694514,0.411,0.037,0,"18","COBLL1"
0,5.06299690368448,0.313,0.018,0,"18","ID3"
0,5.02254669896554,0.516,0.047,0,"18","IFITM3"
0,4.94917953616957,0.396,0.041,0,"18","ARHGAP29"
0,4.80414467456541,0.301,0.028,0,"18","DUSP1"
0,4.7128602803251,0.251,0.023,0,"18","RBPMS"
0,4.69353963934475,0.287,0.026,0,"18","RBMS3-AS3"
0,4.44016342689975,0.444,0.048,0,"18","IGFBP7"
0,4.19853388473967,0.283,0.049,0,"18","MECOM"
0,6.96020295403597,0.688,0.006,0,"19","POSTN"
0,5.06174246718716,0.45,0.01,0,"19","MCTP2"
0,4.20440001104118,0.287,0.01,0,"19","LINC01579"
0,4.03944870072433,0.762,0.064,0,"19","AC110023.1"
0,3.84217025330564,0.422,0.016,0,"19","NR4A2"
0,3.8053104174201,0.543,0.025,0,"19","KLHL1"
0,3.73560921998184,0.926,0.164,0,"19","ZNF804B"
0,3.70145286501091,0.589,0.038,0,"19","THEMIS"
0,3.64660712675691,0.639,0.06,0,"19","AFF2"
0,3.58703228026824,0.593,0.047,0,"19","AC091078.1"
0,3.56936238827443,0.267,0.013,0,"19","SAMD3"
0,3.54372771315413,0.939,0.155,0,"19","SYNPR"
0,3.45692764636061,0.852,0.127,0,"19","FRAS1"
0,3.43260096253423,0.454,0.034,0,"19","FAP"
0,3.40088778706781,0.352,0.019,0,"19","SNTB1"
0,3.35804317616424,0.666,0.071,0,"19","DACH1"
0,3.29940201994731,0.766,0.109,0,"19","NWD2"
0,3.2640845214218,0.489,0.042,0,"19","GALNT14"
0,3.18107286801135,0.498,0.037,0,"19","CHRM2"
0,3.10707527793082,0.448,0.047,0,"19","GPR63"
0,2.00662470272972,0.309,0.037,0,"20","PRDM16"
0,1.99409700101494,0.317,0.04,0,"20","SLCO1C1"
0,1.96367260970763,0.45,0.064,0,"20","LINC00499"
0,1.94330325241194,0.448,0.067,0,"20","ZNF98"
0,1.94186170168077,0.352,0.048,0,"20","F3"
0,1.92565606507207,0.365,0.049,0,"20","ACSBG1"
0,1.92017377826188,0.263,0.047,0,"20","CHI3L1"
0,1.89449704629698,0.288,0.038,0,"20","SLC39A12"
0,1.82768670135101,0.874,0.189,0,"20","ADGRV1"
0,1.81021324018366,0.502,0.078,0,"20","RANBP3L"
0,1.80538242853264,0.349,0.05,0,"20","FAM189A2"
0,1.7777138965416,0.584,0.102,0,"20","COL5A3"
0,1.7774713692568,0.918,0.269,0,"20","SLC1A2"
0,1.75986161534251,0.474,0.068,0,"20","FGFR3"
0,1.75726968772373,0.332,0.047,0,"20","ALDH1L1"
0,1.75451704767714,0.584,0.087,0,"20","RNF219-AS1"
0,1.74987427473563,0.381,0.075,0,"20","LINC00299"
0,1.74504556205082,0.296,0.042,0,"20","SDC4"
0,1.7418981222435,0.519,0.095,0,"20","HPSE2"
0,1.73790472413026,0.264,0.04,0,"20","EYA2"
0,3.17660577511528,0.658,0.038,0,"21","AC004852.2"
0,3.12712020407223,0.339,0.019,0,"21","FERMT1"
0,2.92754775649898,0.348,0.022,0,"21","COL9A1"
0,2.8778979398942,0.537,0.048,0,"21","MEGF11"
0,2.87555052487549,0.28,0.019,0,"21","GPNMB"
0,2.83948608955917,0.968,0.123,0,"21","LHFPL3"
0,2.73678485549513,0.342,0.029,0,"21","LINC02588"
0,2.63964873502871,0.339,0.026,0,"21","STK32A"
0,2.59795897923624,0.841,0.095,0,"21","VCAN"
0,2.56473632459156,0.947,0.222,0,"21","TNR"
0,2.52321748513209,0.956,0.162,0,"21","PCDH15"
0,2.51033924841977,0.295,0.037,0,"21","MIR3681HG"
0,2.50050000923776,0.313,0.032,0,"21","SULF2"
0,2.49001441733288,0.684,0.09,0,"21","SEMA5A"
0,2.37278264689667,0.646,0.069,0,"21","SMOC1"
0,2.26875049073619,0.805,0.131,0,"21","LUZP2"
0,2.20875591246328,0.348,0.041,0,"21","PLPP4"
0,2.15002353345623,0.749,0.166,0,"21","XYLT1"
0,2.1303078287265,0.926,0.183,0,"21","PTPRZ1"
0,2.11276276686198,0.327,0.052,0,"21","GSG1L"
0,3.73262313909574,0.355,0.017,0,"22","RHBDF2"
0,3.72027108398269,0.426,0.024,0,"22","TBXAS1"
0,3.67638649831956,0.35,0.02,0,"22","SLCO2B1"
0,3.63390572648332,0.284,0.015,0,"22","SYK"
0,3.63023227791511,0.416,0.022,0,"22","ADAM28"
0,3.62915178000126,0.36,0.018,0,"22","AC074327.1"
0,3.59654772947759,0.548,0.03,0,"22","DOCK8"
0,3.57054886044888,0.472,0.027,0,"22","APBB1IP"
0,3.54879326849414,0.34,0.019,0,"22","PTPRC"
0,3.48564227674022,0.345,0.023,0,"22","INPP5D"
0,3.46591798276911,0.269,0.015,0,"22","CSF1R"
0,3.334949065673,0.447,0.029,0,"22","FYB1"
0,3.31159560872127,0.284,0.021,0,"22","RBM47"
0,3.29585725950607,0.269,0.018,0,"22","HLA-DRA"
0,3.29093087750562,0.299,0.022,0,"22","MYO1F"
0,3.28201116603965,0.335,0.021,0,"22","C3"
0,3.17599674740206,0.513,0.039,0,"22","CD74"
0,3.11068349416507,0.284,0.023,0,"22","C1QB"
0,3.07397113986502,0.289,0.036,0,"22","ABCC4"
0,3.0561394877293,0.274,0.022,0,"22","LYN"
0,3.32857247966885,0.385,0.026,0,"23","STK32A"
0,3.18251430971947,0.622,0.039,0,"23","AC004852.2"
0,3.07782345622304,0.942,0.096,0,"23","VCAN"
0,2.97612591425192,0.949,0.124,0,"23","LHFPL3"
0,2.9413462780587,0.308,0.02,0,"23","FERMT1"
0,2.90770092100477,0.308,0.022,0,"23","COL9A1"
0,2.6771323196266,0.923,0.223,0,"23","TNR"
0,2.63845106615798,0.981,0.184,0,"23","PTPRZ1"
0,2.59747817942663,0.282,0.028,0,"23","PHLDA1"
0,2.56699020182258,0.955,0.163,0,"23","PCDH15"
0,2.51283114593278,0.263,0.033,0,"23","CALCRL"
0,2.48521500552803,0.417,0.048,0,"23","MEGF11"
0,2.43516482934954,0.404,0.049,0,"23","ARHGAP42"
0,2.42403279175154,0.75,0.132,0,"23","LUZP2"
0,2.41088687346347,0.622,0.091,0,"23","SEMA5A"
0,2.40400989903567,0.538,0.07,0,"23","SMOC1"
0,2.37634166326923,0.308,0.042,0,"23","PLPP4"
0,2.28193307354267,0.731,0.105,0,"23","HIF3A"
0,2.27338490896844,0.788,0.154,0,"23","SOX6"
0,2.23662441105319,0.692,0.167,0,"23","XYLT1"
0,4.24240968669521,0.336,0.01,0,"24","DNAI1"
0,3.75815570418262,0.733,0.041,0,"24","VAT1L"
0,3.69582887577633,0.784,0.056,0,"24","COL24A1"
0,3.67494562886958,0.345,0.014,0,"24","OVCH1-AS1"
0,3.63024113683223,0.707,0.041,0,"24","CLEC2L"
0,3.56847838890355,0.259,0.008,0,"24","SLC5A8"
0,3.36375181768643,0.31,0.015,0,"24","CHST8"
0,3.35910618291468,0.414,0.013,0,"24","ERG"
0,3.15887407991467,0.828,0.099,0,"24","GRM8"
0,3.12319648798516,0.698,0.056,0,"24","BCL11B"
0,3.04394325534347,0.353,0.02,0,"24","SCN4B"
0,3.04117561970529,0.345,0.016,0,"24","MIR34AHG"
0,3.02080701616658,0.629,0.064,0,"24","CFAP299"
0,3.01625310269896,0.991,0.272,0,"24","NRG1"
0,3.01607812483255,0.698,0.062,0,"24","VWA3A"
0,2.98659536778439,0.25,0.014,0,"24","RBM20"
0,2.88275555844448,0.483,0.036,0,"24","RAB37"
0,2.87862978260832,1,0.407,0,"24","ROBO2"
0,2.82874146239919,0.629,0.044,0,"24","SPHKAP"
0,2.79774894266978,0.69,0.052,0,"24","ADRA1A"
